stockid,year,catch,BdivBmsy,FdivFmsy
ALBAIO,1950,8.15,4.88,2.22E-04
ALBAIO,1951,18.4,4.88,6.00E-04
ALBAIO,1952,80,4.88,0.0011
ALBAIO,1953,1110,4.87,0.0089
ALBAIO,1954,2850,4.84,0.0228
ALBAIO,1955,3360,4.81,0.0267
ALBAIO,1956,5630,4.76,0.0437
ALBAIO,1957,5340,4.72,0.042
ALBAIO,1958,7300,4.69,0.0643
ALBAIO,1959,11700,4.61,0.112
ALBAIO,1960,12100,4.5,0.128
ALBAIO,1961,16600,4.43,0.17
ALBAIO,1962,19000,4.24,0.229
ALBAIO,1963,14200,4.16,0.169
ALBAIO,1964,19400,4.07,0.24
ALBAIO,1965,13000,3.99,0.154
ALBAIO,1966,15500,3.95,0.192
ALBAIO,1967,21900,3.84,0.278
ALBAIO,1968,18300,3.76,0.251
ALBAIO,1969,20300,3.69,0.284
ALBAIO,1970,13400,3.67,0.182
ALBAIO,1971,12500,3.67,0.166
ALBAIO,1972,12000,3.69,0.165
ALBAIO,1973,22800,3.65,0.31
ALBAIO,1974,29500,3.54,0.402
ALBAIO,1975,11000,3.5,0.146
ALBAIO,1976,15000,3.54,0.233
ALBAIO,1977,11900,3.56,0.171
ALBAIO,1978,18100,3.58,0.243
ALBAIO,1979,18100,3.52,0.251
ALBAIO,1980,14000,3.39,0.204
ALBAIO,1981,15100,3.34,0.227
ALBAIO,1982,25300,3.35,0.389
ALBAIO,1983,20300,3.31,0.312
ALBAIO,1984,17800,3.21,0.227
ALBAIO,1985,11500,3.17,0.158
ALBAIO,1986,33900,3.14,0.9
ALBAIO,1987,31900,3.13,0.818
ALBAIO,1988,30500,3.2,0.765
ALBAIO,1989,22000,3.16,0.652
ALBAIO,1990,36000,2.96,1.44
ALBAIO,1991,30300,2.62,0.671
ALBAIO,1992,23000,2.35,0.565
ALBAIO,1993,20600,2.14,0.412
ALBAIO,1994,26500,1.93,0.54
ALBAIO,1995,25000,1.91,0.527
ALBAIO,1996,32300,1.81,0.625
ALBAIO,1997,29800,1.76,0.711
ALBAIO,1998,40600,1.66,0.917
ALBAIO,1999,40300,1.58,0.885
ALBAIO,2000,40200,1.49,0.871
ALBAIO,2001,46100,1.33,1.11
ALBAIO,2002,37000,1.22,0.855
ALBAIO,2003,28700,1.26,0.668
ALBAIO,2004,29800,1.32,0.641
ALBAIO,2005,29200,1.38,0.578
ALBAIO,2006,29700,1.42,0.572
ALBAIO,2007,38500,1.38,0.671
ALBAIO,2008,35800,1.38,0.609
ALBAIO,2009,38100,1.5,0.776
ALBAIO,2010,43900,1.59,0.71
ALBAIO,2011,33600,1.67,0.649
ALBAIO,2012,33400,1.75,0.645
ALBAIO,2013,32600,1.78,0.69
ALBAIO,2014,39400,1.8,0.846
ALBAIO,2015,34200,1.5,1
ALBAIO,2016,36000,1.35,1.17
ALBAIO,2017,38900,1.28,1.346
ALBAIO,2018,41400,NA,NA
ALBAIO,2019,"39,876",NA,NA
ALBAIO,2020,"38,082",NA,NA
ALBAMED,1950,0,NA,NA
ALBAMED,1951,0,NA,NA
ALBAMED,1952,0,NA,NA
ALBAMED,1953,0,NA,NA
ALBAMED,1954,0,NA,NA
ALBAMED,1955,0,NA,NA
ALBAMED,1956,0,NA,NA
ALBAMED,1957,1700,NA,NA
ALBAMED,1958,2900,NA,NA
ALBAMED,1959,2900,NA,NA
ALBAMED,1960,1300,NA,NA
ALBAMED,1961,1400,NA,NA
ALBAMED,1962,1200,NA,NA
ALBAMED,1963,1600,NA,NA
ALBAMED,1964,1600,NA,NA
ALBAMED,1965,2200,NA,NA
ALBAMED,1966,3000,NA,NA
ALBAMED,1967,2300,NA,NA
ALBAMED,1968,2600,NA,NA
ALBAMED,1969,3400,NA,NA
ALBAMED,1970,500,NA,NA
ALBAMED,1971,500,NA,NA
ALBAMED,1972,701,NA,NA
ALBAMED,1973,500,NA,NA
ALBAMED,1974,500,NA,NA
ALBAMED,1975,500,NA,NA
ALBAMED,1976,561,NA,NA
ALBAMED,1977,613,NA,NA
ALBAMED,1978,590,NA,NA
ALBAMED,1979,833,NA,NA
ALBAMED,1980,500,2.174,0.064
ALBAMED,1981,1500,2.117,0.196
ALBAMED,1982,1272,2.016,0.175
ALBAMED,1983,1235,1.927,0.178
ALBAMED,1984,3451,1.835,0.52
ALBAMED,1985,4129,1.853,0.616
ALBAMED,1986,3712,1.947,0.53
ALBAMED,1987,3995.565,2.199,0.504
ALBAMED,1988,4063,2.193,0.516
ALBAMED,1989,4060,2.211,0.512
ALBAMED,1990,1896,2.257,0.234
ALBAMED,1991,2379.09,2.259,0.293
ALBAMED,1992,2202,2.178,0.282
ALBAMED,1993,2137.728,1.996,0.298
ALBAMED,1994,1349,1.908,0.196
ALBAMED,1995,1587.1,1.838,0.24
ALBAMED,1996,3150.369,1.867,0.468
ALBAMED,1997,2540.875,1.757,0.403
ALBAMED,1998,2697.665,1.872,0.401
ALBAMED,1999,4856.277,1.78,0.76
ALBAMED,2000,5576.957,1.861,0.836
ALBAMED,2001,4870.24,1.841,0.74
ALBAMED,2002,5607.733,1.676,0.931
ALBAMED,2003,7898.464,1.558,1.415
ALBAMED,2004,4874.157,1.351,1.012
ALBAMED,2005,3529.029,1.142,0.862
ALBAMED,2006,5964.747,1.029,1.615
ALBAMED,2007,6519.887,0.811,2.249
ALBAMED,2008,2969.583,0.67,1.241
ALBAMED,2009,4023.841,0.771,1.468
ALBAMED,2010,2123.715,0.733,0.812
ALBAMED,2011,4627.961,0.779,1.668
ALBAMED,2012,2046.9,0.647,0.886
ALBAMED,2013,1503.192,0.563,0.751
ALBAMED,2014,2400.021,0.529,1.273
ALBAMED,2015,3554.147,0.453,2.192
ALBAMED,2016,4319.19,0.426,2.846
ALBAMED,2017,2780.382,0.483,1.617
ALBAMED,2018,2862.99,0.591,1.357
ALBAMED,2019,2484.47,0.57,1.213
ALBAMED,2020,2674.812,NA,NA
ALBANPAC,1936,442,NA,NA
ALBANPAC,1937,"1,681",NA,NA
ALBANPAC,1938,"8,594",NA,NA
ALBANPAC,1939,"8,715",NA,NA
ALBANPAC,1940,"6,605",NA,NA
ALBANPAC,1941,"5,447",NA,NA
ALBANPAC,1942,"10,678",NA,NA
ALBANPAC,1943,"17,084",NA,NA
ALBANPAC,1944,"24,167",NA,NA
ALBANPAC,1945,"18,534",NA,NA
ALBANPAC,1946,"11,151",NA,NA
ALBANPAC,1947,"12,271",NA,NA
ALBANPAC,1948,"23,486",NA,NA
ALBANPAC,1949,"25,946",NA,NA
ALBANPAC,1950,"33,734",NA,NA
ALBANPAC,1951,"15,739",NA,NA
ALBANPAC,1952,"94,253",NA,NA
ALBANPAC,1953,"76,895",NA,NA
ALBANPAC,1954,"61,500",NA,NA
ALBANPAC,1955,"54,535",NA,NA
ALBANPAC,1956,"76,640",NA,NA
ALBANPAC,1957,"92,353",NA,NA
ALBANPAC,1958,"55,704",NA,NA
ALBANPAC,1959,"51,172",NA,NA
ALBANPAC,1960,"63,359",NA,NA
ALBANPAC,1961,"52,968",NA,NA
ALBANPAC,1962,"47,424",NA,NA
ALBANPAC,1963,"68,940",NA,NA
ALBANPAC,1964,"62,441",NA,NA
ALBANPAC,1965,"73,093",NA,NA
ALBANPAC,1966,"66,172",NA,NA
ALBANPAC,1967,"83,182",NA,NA
ALBANPAC,1968,"68,837",NA,NA
ALBANPAC,1969,"74,242",NA,NA
ALBANPAC,1970,"68,719",NA,NA
ALBANPAC,1971,"90,911",NA,NA
ALBANPAC,1972,"103,185",NA,NA
ALBANPAC,1973,"107,186",NA,NA
ALBANPAC,1974,"117,794",NA,NA
ALBANPAC,1975,"95,572",NA,NA
ALBANPAC,1976,"127,227",NA,NA
ALBANPAC,1977,"62,568",NA,NA
ALBANPAC,1978,"99,518",NA,NA
ALBANPAC,1979,"70,277",NA,NA
ALBANPAC,1980,"74,947",NA,NA
ALBANPAC,1981,"70,901",NA,NA
ALBANPAC,1982,"72,443",NA,NA
ALBANPAC,1983,"54,149",NA,NA
ALBANPAC,1984,"71,586",NA,NA
ALBANPAC,1985,"58,917",NA,NA
ALBANPAC,1986,"47,916",NA,NA
ALBANPAC,1987,"49,186",NA,NA
ALBANPAC,1988,"44,302",NA,NA
ALBANPAC,1989,"43,460",NA,NA
ALBANPAC,1990,"52,613",NA,NA
ALBANPAC,1991,"26,047",NA,NA
ALBANPAC,1992,"54,470",NA,NA
ALBANPAC,1993,"53,945",NA,NA
ALBANPAC,1994,"72,988",NA,NA
ALBANPAC,1995,"67,853",NA,NA
ALBANPAC,1996,"84,016",NA,NA
ALBANPAC,1997,"103,606",NA,NA
ALBANPAC,1998,"92,029",NA,NA
ALBANPAC,1999,"119,066",NA,NA
ALBANPAC,2000,"81,033",NA,NA
ALBANPAC,2001,"88,522",NA,NA
ALBANPAC,2002,"104,070",NA,NA
ALBANPAC,2003,"90,090",NA,NA
ALBANPAC,2004,"86,252",NA,NA
ALBANPAC,2005,"59,008",NA,NA
ALBANPAC,2006,"61,403",NA,NA
ALBANPAC,2007,"88,579",NA,NA
ALBANPAC,2008,"62,698",NA,NA
ALBANPAC,2009,"77,683",NA,NA
ALBANPAC,2010,"64,258",NA,NA
ALBANPAC,2011,"67,988",NA,NA
ALBANPAC,2012,"83,150",NA,NA
ALBANPAC,2013,"79,166",NA,NA
ALBANPAC,2014,"74,060",NA,NA
ALBANPAC,2015,"64,216",NA,NA
ALBANPAC,2016,"52,998",NA,NA
ALBANPAC,2017,"54,082",NA,NA
ALBANPAC,2018,"49,850",NA,NA
ALBANPAC,2019,"39,618",NA,NA
ALBANPAC,2020,"36,226",NA,NA
ALBASPAC,1952,154,NA,NA
ALBASPAC,1953,803,NA,NA
ALBASPAC,1954,9578,NA,NA
ALBASPAC,1955,8625,NA,NA
ALBASPAC,1956,7281,NA,NA
ALBASPAC,1957,8757,NA,NA
ALBASPAC,1958,18636,NA,NA
ALBASPAC,1959,17841,NA,NA
ALBASPAC,1960,22293,6.41,0.05
ALBASPAC,1961,23742,6.46,0.06
ALBASPAC,1962,35219,6.58,0.07
ALBASPAC,1963,31111,6.55,0.05
ALBASPAC,1964,22824,6.07,0.05
ALBASPAC,1965,25455,6.34,0.065
ALBASPAC,1966,38661,6.67,0.07
ALBASPAC,1967,43957,6.9,0.08
ALBASPAC,1968,32382,7.22,0.07
ALBASPAC,1969,24805,7.47,0.06
ALBASPAC,1970,34925,7.08,0.06
ALBASPAC,1971,38630,6.44,0.07
ALBASPAC,1972,39521,6.04,0.08
ALBASPAC,1973,47330,5.62,0.08
ALBASPAC,1974,34049,4.95,0.1
ALBASPAC,1975,23600,4.77,0.08
ALBASPAC,1976,29082,4.81,0.082
ALBASPAC,1977,38740,4.56,0.07
ALBASPAC,1978,34676,4.4,0.08
ALBASPAC,1979,27076,4.3,0.1
ALBASPAC,1980,32541,4.26,0.1
ALBASPAC,1981,34784,3.78,0.06
ALBASPAC,1982,30788,3.68,0.08
ALBASPAC,1983,25092,4,0.09
ALBASPAC,1984,24704,4.41,0.11
ALBASPAC,1985,32328,4.69,0.07
ALBASPAC,1986,36590,4.48,0.08
ALBASPAC,1987,25052,4.4,0.1
ALBASPAC,1988,37867,4.2,0.08
ALBASPAC,1989,49076,3.95,0.07
ALBASPAC,1990,36062,3.47,0.1
ALBASPAC,1991,35600,3.57,0.1
ALBASPAC,1992,38668,3.75,0.11
ALBASPAC,1993,35438,3.55,0.12
ALBASPAC,1994,42318,4.1,0.27
ALBASPAC,1995,38475,3.97,0.17
ALBASPAC,1996,34402,3.99,0.14
ALBASPAC,1997,39490,4.4,0.13
ALBASPAC,1998,50575,4.23,0.12
ALBASPAC,1999,39674,4.1,0.16
ALBASPAC,2000,48461,3.84,0.13
ALBASPAC,2001,63690,4.25,0.12
ALBASPAC,2002,75274,4.01,0.12
ALBASPAC,2003,64137,3.68,0.12
ALBASPAC,2004,63514,3.54,0.16
ALBASPAC,2005,64754,3.5,0.18
ALBASPAC,2006,65439,3.29,0.14
ALBASPAC,2007,59370,3.15,0.273
ALBASPAC,2008,63503,3.3,0.25
ALBASPAC,2009,84414,2.9,0.2
ALBASPAC,2010,"90,849",3.39,0.2
ALBASPAC,2011,"66,465",3.2,0.25
ALBASPAC,2012,"89,884",3.03,0.18
ALBASPAC,2013,"87,982",2.86,0.23
ALBASPAC,2014,"82,842",3,0.2
ALBASPAC,2015,"83,609",3.2,0.21
ALBASPAC,2016,"72,512",3.19,0.22
ALBASPAC,2017,"94,504",3.12,0.31
ALBASPAC,2018,"83,359",2.84,0.32
ALBASPAC,2019,"86,083",2.46,0.32
ALBASPAC,2020,"71,949",NA,NA
BIGEYECWPAC,1950,18890,NA,NA
BIGEYECWPAC,1951,14632,NA,NA
BIGEYECWPAC,1952,27494,4.32,0.0341
BIGEYECWPAC,1953,26044,4.38,0.0322
BIGEYECWPAC,1954,18664,4.43,0.0244
BIGEYECWPAC,1955,29034,4.5,0.0353
BIGEYECWPAC,1956,33650,4.69,0.0391
BIGEYECWPAC,1957,40712,4.86,0.0535
BIGEYECWPAC,1958,50242,4.57,0.0736
BIGEYECWPAC,1959,42803,4.16,0.0678
BIGEYECWPAC,1960,45025,3.79,0.0756
BIGEYECWPAC,1961,39380,3.41,0.0736
BIGEYECWPAC,1962,36868,3.23,0.069
BIGEYECWPAC,1963,44346,3.07,0.0857
BIGEYECWPAC,1964,32380,2.94,0.0632
BIGEYECWPAC,1965,31329,2.89,0.0632
BIGEYECWPAC,1966,33152,2.8,0.0659
BIGEYECWPAC,1967,35909,2.71,0.0767
BIGEYECWPAC,1968,29869,2.68,0.0601
BIGEYECWPAC,1969,35832,2.66,0.0702
BIGEYECWPAC,1970,41085,2.58,0.0942
BIGEYECWPAC,1971,42581,2.56,0.0992
BIGEYECWPAC,1972,55457,2.54,0.116
BIGEYECWPAC,1973,46762,2.37,0.105
BIGEYECWPAC,1974,48892,2.35,0.128
BIGEYECWPAC,1975,65449,2.36,0.136
BIGEYECWPAC,1976,78299,2.32,0.137
BIGEYECWPAC,1977,78221,2.48,0.173
BIGEYECWPAC,1978,61102,2.56,0.15
BIGEYECWPAC,1979,68039,2.51,0.196
BIGEYECWPAC,1980,68051,2.3,0.184
BIGEYECWPAC,1981,62093,2.07,0.183
BIGEYECWPAC,1982,74048,2.06,0.198
BIGEYECWPAC,1983,78998,2.15,0.233
BIGEYECWPAC,1984,84188,2.32,0.247
BIGEYECWPAC,1985,84333,2.34,0.255
BIGEYECWPAC,1986,101300,2.22,0.254
BIGEYECWPAC,1987,105294,2.25,0.284
BIGEYECWPAC,1988,92649,2.22,0.255
BIGEYECWPAC,1989,100824,2.27,0.29
BIGEYECWPAC,1990,124342,2.39,0.365
BIGEYECWPAC,1991,107727,2.41,0.359
BIGEYECWPAC,1992,131196,2.37,0.374
BIGEYECWPAC,1993,113424,2.3,0.306
BIGEYECWPAC,1994,124623,2.25,0.389
BIGEYECWPAC,1995,110376,2.14,0.383
BIGEYECWPAC,1996,107153,2.13,0.424
BIGEYECWPAC,1997,133740,2.25,0.529
BIGEYECWPAC,1998,152607,2.19,0.679
BIGEYECWPAC,1999,163186,2.12,0.555
BIGEYECWPAC,2000,149248,2,0.529
BIGEYECWPAC,2001,135601,1.92,0.503
BIGEYECWPAC,2002,158936,2.01,0.62
BIGEYECWPAC,2003,143931,1.98,0.555
BIGEYECWPAC,2004,182945,1.96,0.772
BIGEYECWPAC,2005,155709,1.79,0.582
BIGEYECWPAC,2006,165069,1.8,0.635
BIGEYECWPAC,2007,165153,1.77,0.598
BIGEYECWPAC,2008,171318,1.71,0.614
BIGEYECWPAC,2009,169168,1.63,0.688
BIGEYECWPAC,2010,"139,927",1.52,0.617
BIGEYECWPAC,2011,"168,273",1.56,0.677
BIGEYECWPAC,2012,"167,341",1.49,0.648
BIGEYECWPAC,2013,"154,882",1.48,0.564
BIGEYECWPAC,2014,"169,029",1.62,0.581
BIGEYECWPAC,2015,"145,722",1.633,0.626
BIGEYECWPAC,2016,"156,681",1.71,0.683
BIGEYECWPAC,2017,"130,535",1.78,0.74
BIGEYECWPAC,2018,"151,569",1.7,NA
BIGEYECWPAC,2019,"131,193",NA,NA
BIGEYECWPAC,2020,"148,371",NA,NA
BIGEYEIO,1950,21.2,NA,NA
BIGEYEIO,1951,45.5,NA,NA
BIGEYEIO,1952,321,NA,NA
BIGEYEIO,1953,1700,NA,NA
BIGEYEIO,1954,6900,NA,NA
BIGEYEIO,1955,9800,NA,NA
BIGEYEIO,1956,12900,NA,NA
BIGEYEIO,1957,12200,NA,NA
BIGEYEIO,1958,11900,NA,NA
BIGEYEIO,1959,10100,NA,NA
BIGEYEIO,1960,16400,NA,NA
BIGEYEIO,1961,15200,NA,NA
BIGEYEIO,1962,18900,NA,NA
BIGEYEIO,1963,13800,NA,NA
BIGEYEIO,1964,18300,NA,NA
BIGEYEIO,1965,19500,NA,NA
BIGEYEIO,1966,24100,NA,NA
BIGEYEIO,1967,24900,NA,NA
BIGEYEIO,1968,37500,NA,NA
BIGEYEIO,1969,29500,NA,NA
BIGEYEIO,1970,25700,NA,NA
BIGEYEIO,1971,21100,NA,NA
BIGEYEIO,1972,18700,NA,NA
BIGEYEIO,1973,16500,NA,NA
BIGEYEIO,1974,27200,NA,NA
BIGEYEIO,1975,36600,3.2,0.0571
BIGEYEIO,1976,28500,3.18,0.0466
BIGEYEIO,1977,35200,3.17,0.053
BIGEYEIO,1978,52000,3.14,0.0894
BIGEYEIO,1979,36000,3.11,0.0574
BIGEYEIO,1980,37300,3.1,0.0599
BIGEYEIO,1981,37700,3.09,0.0663
BIGEYEIO,1982,47400,3.07,0.0826
BIGEYEIO,1983,54900,3.04,0.114
BIGEYEIO,1984,50200,3.01,0.15
BIGEYEIO,1985,58500,2.98,0.191
BIGEYEIO,1986,60700,2.95,0.229
BIGEYEIO,1987,68400,2.89,0.253
BIGEYEIO,1988,79800,2.83,0.339
BIGEYEIO,1989,76500,2.7,0.337
BIGEYEIO,1990,79100,2.51,0.286
BIGEYEIO,1991,82400,2.32,0.331
BIGEYEIO,1992,78200,2.25,0.27
BIGEYEIO,1993,109000,2.23,0.339
BIGEYEIO,1994,117000,2.27,0.427
BIGEYEIO,1995,127000,2.27,0.578
BIGEYEIO,1996,137000,2.28,0.629
BIGEYEIO,1997,157000,2.22,0.838
BIGEYEIO,1998,153000,2.03,0.672
BIGEYEIO,1999,162000,1.98,0.9
BIGEYEIO,2000,140000,1.9,0.8
BIGEYEIO,2001,131000,1.8,0.65
BIGEYEIO,2002,150000,1.74,0.73
BIGEYEIO,2003,140000,1.62,0.55
BIGEYEIO,2004,150000,1.59,0.64
BIGEYEIO,2005,138000,1.63,0.64
BIGEYEIO,2006,133000,1.68,0.68
BIGEYEIO,2007,138000,1.66,0.75
BIGEYEIO,2008,122000,1.68,0.69
BIGEYEIO,2009,119000,1.62,0.72
BIGEYEIO,2010,85400,1.58,0.56
BIGEYEIO,2011,94400,1.67,0.58
BIGEYEIO,2012,120000,1.72,0.56
BIGEYEIO,2013,111000,1.72,0.77
BIGEYEIO,2014,90500,1.68,0.62
BIGEYEIO,2015,93800,1.53,0.65
BIGEYEIO,2016,87600,1.42,0.72
BIGEYEIO,2017,90800,1.34,0.76
BIGEYEIO,2018,94900,1.29,1.32
BIGEYEIO,2019,"79,500",NA,NA
BIGEYEIO,2020,"83,498",NA,NA
BLKMARLINIO,1950,48.5,2.58,2.00E-03
BLKMARLINIO,1951,48.4,2.58,2.00E-03
BLKMARLINIO,1952,179,2.57,0.009
BLKMARLINIO,1953,535,2.57,0.026
BLKMARLINIO,1954,876,2.56,0.044
BLKMARLINIO,1955,983,2.56,0.05
BLKMARLINIO,1956,1480,2.55,0.076
BLKMARLINIO,1957,1670,2.54,0.087
BLKMARLINIO,1958,1560,2.53,0.082
BLKMARLINIO,1959,1540,2.52,0.081
BLKMARLINIO,1960,1730,2.51,0.091
BLKMARLINIO,1961,1760,2.5,0.093
BLKMARLINIO,1962,1900,2.5,0.1
BLKMARLINIO,1963,1310,2.5,0.07
BLKMARLINIO,1964,1600,2.5,0.085
BLKMARLINIO,1965,1370,2.5,0.073
BLKMARLINIO,1966,1300,2.51,0.068
BLKMARLINIO,1967,1500,2.51,0.079
BLKMARLINIO,1968,2120,2.51,0.115
BLKMARLINIO,1969,2080,2.51,0.114
BLKMARLINIO,1970,2290,2.51,0.132
BLKMARLINIO,1971,1650,2.51,0.097
BLKMARLINIO,1972,1250,2.51,0.077
BLKMARLINIO,1973,801,2.5,0.05
BLKMARLINIO,1974,1380,2.5,0.087
BLKMARLINIO,1975,1220,2.5,0.083
BLKMARLINIO,1976,658,2.5,0.047
BLKMARLINIO,1977,659,2.51,0.043
BLKMARLINIO,1978,789,2.51,0.054
BLKMARLINIO,1979,748,2.51,0.05
BLKMARLINIO,1980,1320,2.52,0.079
BLKMARLINIO,1981,1080,2.52,0.065
BLKMARLINIO,1982,2150,2.52,0.065
BLKMARLINIO,1983,2400,2.51,0.066
BLKMARLINIO,1984,2160,2.5,0.065
BLKMARLINIO,1985,2090,2.48,0.065
BLKMARLINIO,1986,2240,2.47,0.06
BLKMARLINIO,1987,2470,2.46,0.08
BLKMARLINIO,1988,2320,2.45,0.07
BLKMARLINIO,1989,2340,2.43,0.07
BLKMARLINIO,1990,2260,2.43,0.08
BLKMARLINIO,1991,2480,2.44,0.06
BLKMARLINIO,1992,3670,2.43,0.09
BLKMARLINIO,1993,4090,2.43,0.1
BLKMARLINIO,1994,5960,2.41,0.13
BLKMARLINIO,1995,5070,2.37,0.12
BLKMARLINIO,1996,5930,2.32,0.14
BLKMARLINIO,1997,6870,2.29,0.17
BLKMARLINIO,1998,5610,2.24,0.15
BLKMARLINIO,1999,6170,2.15,0.18
BLKMARLINIO,2000,8020,2.03,0.22
BLKMARLINIO,2001,7620,1.9,0.23
BLKMARLINIO,2002,6990,1.79,0.24
BLKMARLINIO,2003,8920,1.78,0.33
BLKMARLINIO,2004,12900,1.76,0.43
BLKMARLINIO,2005,11000,1.68,0.4
BLKMARLINIO,2006,11300,1.7,0.4
BLKMARLINIO,2007,9540,1.74,0.34
BLKMARLINIO,2008,10200,1.8,0.35
BLKMARLINIO,2009,11000,1.95,0.34
BLKMARLINIO,2010,9680,2.07,0.3
BLKMARLINIO,2011,11200,2.17,0.35
BLKMARLINIO,2012,13300,2.26,0.33
BLKMARLINIO,2013,14600,2.32,0.38
BLKMARLINIO,2014,17700,2.37,0.44
BLKMARLINIO,2015,19000,2.38,0.47
BLKMARLINIO,2016,22400,2.32,0.53
BLKMARLINIO,2017,15300,2.16,0.43
BLKMARLINIO,2018,18800,2.05,0.54
BLKMARLINIO,2019,"18,040",1.98,0.53
BLKMARLINIO,2020,"16,977",NA,NA
BLSHARIO,1970,4800,2.54,0.099
BLSHARIO,1971,4800,2.53,0.099
BLSHARIO,1972,4570,2.54,0.094
BLSHARIO,1973,3380,2.54,0.051
BLSHARIO,1974,4370,2.55,0.081
BLSHARIO,1975,5170,2.55,0.077
BLSHARIO,1976,4570,2.57,0.047
BLSHARIO,1977,5170,2.6,0.047
BLSHARIO,1978,5960,2.6,0.06
BLSHARIO,1979,7350,2.59,0.09
BLSHARIO,1980,7550,2.6,0.08
BLSHARIO,1981,9930,2.59,0.099
BLSHARIO,1982,9140,2.59,0.077
BLSHARIO,1983,10300,2.61,0.099
BLSHARIO,1984,10730,2.58,0.099
BLSHARIO,1985,7150,2.59,0.06
BLSHARIO,1986,9140,2.58,0.09
BLSHARIO,1987,9340,2.57,0.07
BLSHARIO,1988,10130,2.55,0.09
BLSHARIO,1989,12900,2.55,0.11
BLSHARIO,1990,8150,2.52,0.069
BLSHARIO,1991,10130,2.5,0.081
BLSHARIO,1992,10130,2.48,0.09
BLSHARIO,1993,12520,2.43,0.12
BLSHARIO,1994,16690,2.38,0.167
BLSHARIO,1995,17280,2.29,0.17
BLSHARIO,1996,18080,2.3,0.18
BLSHARIO,1997,24040,2.3,0.26
BLSHARIO,1998,17880,2.27,0.175
BLSHARIO,1999,23050,2.15,0.235
BLSHARIO,2000,29600,2.16,0.3
BLSHARIO,2001,22050,2.17,0.205
BLSHARIO,2002,25630,2.22,0.257
BLSHARIO,2003,33580,2.3,0.326
BLSHARIO,2004,40530,2.34,0.46
BLSHARIO,2005,43700,2.34,0.497
BLSHARIO,2006,40130,2.29,0.446
BLSHARIO,2007,38940,2.18,0.447
BLSHARIO,2008,42520,2.1,0.523
BLSHARIO,2009,48280,2,0.6
BLSHARIO,2010,46690,1.87,0.6
BLSHARIO,2011,49470,1.82,0.65
BLSHARIO,2012,52850,1.7,0.729
BLSHARIO,2013,56420,1.6,0.83
BLSHARIO,2014,54440,1.5,0.85
BLSHARIO,2015,51060,1.4,0.85
BLSHARIO,2016,55630,1.3,1
BLSHARIO,2017,55230,1.28,0.99
BLSHARIO,2018,38500,1.2,0.74
BLSHARIO,2019,"43,420",1.39,0.64
BLSHARIO,2020,NA,NA,NA
BLSHARNPAC,1971,46000,NA,NA
BLSHARNPAC,1972,42800,1.57,0.563
BLSHARNPAC,1973,45100,1.55,0.62
BLSHARNPAC,1974,43400,1.55,0.64
BLSHARNPAC,1975,61900,1.55,0.676
BLSHARNPAC,1976,74400,1.56,0.851
BLSHARNPAC,1977,88300,1.56,0.964
BLSHARNPAC,1978,85700,1.57,1.07
BLSHARNPAC,1979,92400,1.55,1.1
BLSHARNPAC,1980,106000,1.54,1.15
BLSHARNPAC,1981,115000,1.52,2.19
BLSHARNPAC,1982,99100,1.49,2.04
BLSHARNPAC,1983,87500,1.48,2.09
BLSHARNPAC,1984,82900,1.46,2.07
BLSHARNPAC,1985,77100,1.43,2.11
BLSHARNPAC,1986,71100,1.39,2.21
BLSHARNPAC,1987,63400,1.36,2.14
BLSHARNPAC,1988,70100,1.31,2.21
BLSHARNPAC,1989,78700,1.27,2.93
BLSHARNPAC,1990,66200,1.22,1.69
BLSHARNPAC,1991,60900,1.18,1.66
BLSHARNPAC,1992,53700,1.13,1.16
BLSHARNPAC,1993,53500,1.1,0.807
BLSHARNPAC,1994,50000,1.09,0.653
BLSHARNPAC,1995,54600,1.08,0.612
BLSHARNPAC,1996,50400,1.12,0.53
BLSHARNPAC,1997,52700,1.16,0.566
BLSHARNPAC,1998,51800,1.21,0.546
BLSHARNPAC,1999,50400,1.27,0.49
BLSHARNPAC,2000,56600,1.32,0.588
BLSHARNPAC,2001,51800,1.37,0.526
BLSHARNPAC,2002,44800,1.42,0.485
BLSHARNPAC,2003,44100,1.46,0.486
BLSHARNPAC,2004,50800,1.5,0.542
BLSHARNPAC,2005,52900,1.53,0.599
BLSHARNPAC,2006,49900,1.55,0.537
BLSHARNPAC,2007,49200,1.56,0.532
BLSHARNPAC,2008,45500,1.56,0.471
BLSHARNPAC,2009,45700,1.58,0.502
BLSHARNPAC,2010,"48,900",1.6,0.481
BLSHARNPAC,2011,"41,300",1.62,0.358
BLSHARNPAC,2012,"37,300",1.63,0.36
BLSHARNPAC,2013,NA,1.65,0.36
BLSHARNPAC,2014,NA,1.68,0.38
BLSHARNPAC,2015,NA,1.69,0.28
BLSHARNPAC,2016,NA,NA,NA
BLSHARNPAC,2017,NA,NA,NA
BLSHARNPAC,2018,NA,NA,NA
BLSHARNPAC,2019,NA,NA,NA
BLSHARNPAC,2020,NA,NA,NA
BMARLINIO,1950,1,2,4.86E-05
BMARLINIO,1951,6,2,2.80E-04
BMARLINIO,1952,396,2,0.0197
BMARLINIO,1953,1270,2,0.0634
BMARLINIO,1954,3010,1.98,0.152
BMARLINIO,1955,3510,1.96,0.181
BMARLINIO,1956,4940,1.93,0.259
BMARLINIO,1957,3780,1.89,0.202
BMARLINIO,1958,4170,1.87,0.226
BMARLINIO,1959,4490,1.85,0.248
BMARLINIO,1960,3880,1.83,0.215
BMARLINIO,1961,3430,1.82,0.191
BMARLINIO,1962,3290,1.82,0.184
BMARLINIO,1963,2180,1.82,0.124
BMARLINIO,1964,3400,1.83,0.193
BMARLINIO,1965,3630,1.82,0.207
BMARLINIO,1966,3510,1.81,0.198
BMARLINIO,1967,4060,1.81,0.23
BMARLINIO,1968,3540,1.8,0.214
BMARLINIO,1969,3240,1.8,0.196
BMARLINIO,1970,3640,1.8,0.249
BMARLINIO,1971,2930,1.79,0.205
BMARLINIO,1972,2890,1.79,0.215
BMARLINIO,1973,1870,1.79,0.152
BMARLINIO,1974,2210,1.8,0.21
BMARLINIO,1975,2710,1.79,0.209
BMARLINIO,1976,1780,1.79,0.15
BMARLINIO,1977,1960,1.8,0.149
BMARLINIO,1978,2880,1.81,0.221
BMARLINIO,1979,4050,1.8,0.271
BMARLINIO,1980,3650,1.79,0.245
BMARLINIO,1981,2830,1.78,0.203
BMARLINIO,1982,3330,1.78,0.241
BMARLINIO,1983,4130,1.78,0.284
BMARLINIO,1984,4250,1.76,0.292
BMARLINIO,1985,5280,1.73,0.365
BMARLINIO,1986,5650,1.64,0.417
BMARLINIO,1987,6910,1.54,0.497
BMARLINIO,1988,5090,1.38,0.392
BMARLINIO,1989,6000,1.22,0.494
BMARLINIO,1990,5140,1.15,0.398
BMARLINIO,1991,5440,1.16,0.414
BMARLINIO,1992,7800,1.3,0.573
BMARLINIO,1993,8660,1.35,0.655
BMARLINIO,1994,8600,1.39,0.626
BMARLINIO,1995,8370,1.4,0.608
BMARLINIO,1996,9910,1.4,0.716
BMARLINIO,1997,11400,1.46,0.888
BMARLINIO,1998,11900,1.41,0.961
BMARLINIO,1999,10700,1.31,0.933
BMARLINIO,2000,9510,1.21,0.919
BMARLINIO,2001,7250,1.14,0.78
BMARLINIO,2002,8530,1.08,0.88
BMARLINIO,2003,9990,1.02,1.08
BMARLINIO,2004,10100,0.96,1.25
BMARLINIO,2005,8920,0.89,1.43
BMARLINIO,2006,9090,0.82,1.34
BMARLINIO,2007,7700,0.77,1.22
BMARLINIO,2008,7670,0.78,1.15
BMARLINIO,2009,8200,0.83,1.09
BMARLINIO,2010,8290,0.9,1.03
BMARLINIO,2011,9020,0.94,1.22
BMARLINIO,2012,11200,0.97,1.53
BMARLINIO,2013,8560,0.9,1.38
BMARLINIO,2014,6950,0.88,1.19
BMARLINIO,2015,8500,0.89,1.28
BMARLINIO,2016,9680,0.89,1.42
BMARLINIO,2017,9870,0.82,1.47
BMARLINIO,2018,8550,NA,NA
BMARLINIO,2019,"8,420",NA,NA
BMARLINIO,2020,"6,958",NA,NA
BMARLINPAC,1971,9301.7,NA,NA
BMARLINPAC,1972,10974.8,3.62,0.35
BMARLINPAC,1973,12475.2,3.43,0.39
BMARLINPAC,1974,11733.2,3.3,0.38
BMARLINPAC,1975,10881.92,3.16,0.38
BMARLINPAC,1976,11798.7,2.94,0.45
BMARLINPAC,1977,12488.9,2.66,0.48
BMARLINPAC,1978,14507.2,2.41,0.55
BMARLINPAC,1979,15324.5,2.28,0.56
BMARLINPAC,1980,15883.8,2.22,0.58
BMARLINPAC,1981,16576.1,2.19,0.62
BMARLINPAC,1982,17591.3,2.14,0.64
BMARLINPAC,1983,16974.1,2.11,0.56
BMARLINPAC,1984,19697.1,2.16,0.7
BMARLINPAC,1985,15714.7,2.18,0.58
BMARLINPAC,1986,18122.2,2.17,0.71
BMARLINPAC,1987,24954.8,2.02,0.91
BMARLINPAC,1988,21309.3,1.85,0.76
BMARLINPAC,1989,18264.6,1.83,0.67
BMARLINPAC,1990,16462.6,1.86,0.57
BMARLINPAC,1991,18598.9,1.94,0.66
BMARLINPAC,1992,21076,1.92,0.71
BMARLINPAC,1993,22563,1.9,0.81
BMARLINPAC,1994,23294.2,1.77,0.76
BMARLINPAC,1995,24518.8,1.65,0.93
BMARLINPAC,1996,16756.7,1.52,0.56
BMARLINPAC,1997,18726.6,1.5,0.68
BMARLINPAC,1998,19589.6,1.49,0.67
BMARLINPAC,1999,18291.4,1.49,0.7
BMARLINPAC,2000,20836.5,1.41,0.77
BMARLINPAC,2001,23763.9,1.29,0.92
BMARLINPAC,2002,23434.3,1.17,0.99
BMARLINPAC,2003,26136.8,1.06,1.09
BMARLINPAC,2004,22939.3,0.97,1.04
BMARLINPAC,2005,24965.5,0.91,1.1
BMARLINPAC,2006,22414.8,0.88,1.05
BMARLINPAC,2007,19262,0.9,0.79
BMARLINPAC,2008,18464.6,1.01,0.76
BMARLINPAC,2009,18557.7,1.12,0.78
BMARLINPAC,2010,20562.8,1.15,0.76
BMARLINPAC,2011,18880.5,1.23,0.66
BMARLINPAC,2012,20615.5,1.34,0.74
BMARLINPAC,2013,22164.7,1.38,0.81
BMARLINPAC,2014,23742.6,1.33,0.84
BMARLINPAC,2015,23103.4,1.27,0.83
BMARLINPAC,2016,23681.2,1.2,0.95
BMARLINPAC,2017,19208.5,1.15,0.59
BMARLINPAC,2018,18587.6,1.18,0.7
BMARLINPAC,2019,16503.9,1.22,0.5
BMARLINPAC,2020,NA,NA,NA
OWTSHARCWPAC,1971,NA,NA,NA
OWTSHARCWPAC,1972,NA,0.563,1.57
OWTSHARCWPAC,1973,NA,0.62,1.55
OWTSHARCWPAC,1974,NA,0.64,1.55
OWTSHARCWPAC,1975,NA,0.676,1.55
OWTSHARCWPAC,1976,NA,0.851,1.56
OWTSHARCWPAC,1977,NA,0.964,1.56
OWTSHARCWPAC,1978,NA,1.07,1.57
OWTSHARCWPAC,1979,NA,1.1,1.55
OWTSHARCWPAC,1980,NA,1.15,1.54
OWTSHARCWPAC,1981,NA,2.19,1.52
OWTSHARCWPAC,1982,NA,2.04,1.49
OWTSHARCWPAC,1983,NA,2.09,1.48
OWTSHARCWPAC,1984,NA,2.07,1.46
OWTSHARCWPAC,1985,NA,2.11,1.43
OWTSHARCWPAC,1986,NA,2.21,1.39
OWTSHARCWPAC,1987,NA,2.14,1.36
OWTSHARCWPAC,1988,NA,2.21,1.31
OWTSHARCWPAC,1989,NA,2.93,1.27
OWTSHARCWPAC,1990,NA,1.69,1.22
OWTSHARCWPAC,1991,NA,1.66,1.18
OWTSHARCWPAC,1992,NA,1.16,1.13
OWTSHARCWPAC,1993,NA,0.807,1.1
OWTSHARCWPAC,1994,NA,0.653,1.09
OWTSHARCWPAC,1995,6160,0.612,1.08
OWTSHARCWPAC,1996,5640,0.53,1.12
OWTSHARCWPAC,1997,5750,0.566,1.16
OWTSHARCWPAC,1998,7560,0.546,1.21
OWTSHARCWPAC,1999,6740,0.49,1.27
OWTSHARCWPAC,2000,5790,0.588,1.32
OWTSHARCWPAC,2001,3930,0.526,1.37
OWTSHARCWPAC,2002,3710,0.485,1.42
OWTSHARCWPAC,2003,2930,0.486,1.46
OWTSHARCWPAC,2004,3300,0.542,1.5
OWTSHARCWPAC,2005,2480,0.599,1.53
OWTSHARCWPAC,2006,1550,0.537,1.55
OWTSHARCWPAC,2007,1660,0.532,1.56
OWTSHARCWPAC,2008,1730,0.471,1.56
OWTSHARCWPAC,2009,1660,0.502,1.58
OWTSHARCWPAC,2010,"1,660",0.481,1.6
OWTSHARCWPAC,2011,NA,0.358,1.62
OWTSHARCWPAC,2012,NA,0.36,1.63
OWTSHARCWPAC,2013,NA,0.36,1.65
OWTSHARCWPAC,2014,NA,0.38,1.68
OWTSHARCWPAC,2015,"3,007",0.28,1.69
OWTSHARCWPAC,2016,"2,464",NA,NA
PACBTUNA,1952,"19,162",NA,NA
PACBTUNA,1953,"20,110",NA,NA
PACBTUNA,1954,"28,547",NA,NA
PACBTUNA,1955,"31,988",NA,NA
PACBTUNA,1956,"40,144",NA,NA
PACBTUNA,1957,"36,543",NA,NA
PACBTUNA,1958,"28,584",NA,NA
PACBTUNA,1959,"19,974",NA,NA
PACBTUNA,1960,"25,885",NA,NA
PACBTUNA,1961,"30,810",NA,NA
PACBTUNA,1962,"32,782",NA,NA
PACBTUNA,1963,"35,031",NA,NA
PACBTUNA,1964,"28,517",NA,NA
PACBTUNA,1965,"27,030",NA,NA
PACBTUNA,1966,"30,986",NA,NA
PACBTUNA,1967,"20,701",NA,NA
PACBTUNA,1968,"21,615",NA,NA
PACBTUNA,1969,"16,400",NA,NA
PACBTUNA,1970,"11,422",NA,NA
PACBTUNA,1971,"17,088",NA,NA
PACBTUNA,1972,"21,190",NA,NA
PACBTUNA,1973,"19,560",NA,NA
PACBTUNA,1974,"20,641",NA,NA
PACBTUNA,1975,"20,910",NA,NA
PACBTUNA,1976,"19,303",NA,NA
PACBTUNA,1977,"18,789",NA,NA
PACBTUNA,1978,"26,858",NA,NA
PACBTUNA,1979,"31,679",NA,NA
PACBTUNA,1980,"22,594",NA,NA
PACBTUNA,1981,"34,612",NA,NA
PACBTUNA,1982,"29,375",NA,NA
PACBTUNA,1983,"20,631",NA,NA
PACBTUNA,1984,"11,551",NA,NA
PACBTUNA,1985,"16,078",NA,NA
PACBTUNA,1986,"19,252",NA,NA
PACBTUNA,1987,"15,488",NA,NA
PACBTUNA,1988,"8,960",NA,NA
PACBTUNA,1989,"10,912",NA,NA
PACBTUNA,1990,"8,585",NA,NA
PACBTUNA,1991,"15,759",NA,NA
PACBTUNA,1992,"13,977",NA,NA
PACBTUNA,1993,"10,781",NA,NA
PACBTUNA,1994,"16,891",NA,NA
PACBTUNA,1995,"29,200",NA,NA
PACBTUNA,1996,"23,505",NA,NA
PACBTUNA,1997,"24,579",NA,NA
PACBTUNA,1998,"15,754",NA,NA
PACBTUNA,1999,"29,136",NA,NA
PACBTUNA,2000,"33,946",NA,NA
PACBTUNA,2001,"18,781",NA,NA
PACBTUNA,2002,"19,026",NA,NA
PACBTUNA,2003,"18,528",NA,NA
PACBTUNA,2004,"25,536",NA,NA
PACBTUNA,2005,"29,174",NA,NA
PACBTUNA,2006,"26,234",NA,NA
PACBTUNA,2007,"20,720",NA,NA
PACBTUNA,2008,"24,523",NA,NA
PACBTUNA,2009,"19,440",NA,NA
PACBTUNA,2010,"17,852",NA,NA
PACBTUNA,2011,"17,068",NA,NA
PACBTUNA,2012,"14,841",NA,NA
PACBTUNA,2013,"11,324",NA,NA
PACBTUNA,2014,"17,099",NA,NA
PACBTUNA,2015,"11,221",NA,NA
PACBTUNA,2016,"13,275",NA,NA
PACBTUNA,2017,"14,732",NA,NA
PACBTUNA,2018,"10,186",NA,NA
PACBTUNA,2019,"11,557",NA,NA
PACBTUNA,2020,"13,779",NA,NA
SBT,1952,829,NA,NA
SBT,1953,4400,3.36,0.0761
SBT,1954,2870,3.31,0.109
SBT,1955,2290,3.26,0.0598
SBT,1956,10600,3.16,0.116
SBT,1957,24200,3.03,0.447
SBT,1958,14800,2.86,0.447
SBT,1959,64400,2.71,0.953
SBT,1960,79400,2.52,2.53
SBT,1961,81800,2.38,3.23
SBT,1962,45800,2.27,1.95
SBT,1963,66300,2.17,1.64
SBT,1964,49900,2.05,1.72
SBT,1965,47600,1.94,1.42
SBT,1966,47700,1.89,0.871
SBT,1967,65600,1.9,0.574
SBT,1968,58400,1.9,0.706
SBT,1969,58500,1.84,0.399
SBT,1970,48200,1.86,0.359
SBT,1971,45100,1.8,0.333
SBT,1972,51900,1.7,0.548
SBT,1973,41200,1.63,0.723
SBT,1974,46800,1.58,0.564
SBT,1975,33000,1.48,0.581
SBT,1976,42500,1.48,0.631
SBT,1977,42200,1.47,0.806
SBT,1978,35900,1.47,1.04
SBT,1979,38700,1.48,0.79
SBT,1980,45100,1.47,0.78
SBT,1981,45100,1.39,1.42
SBT,1982,42800,1.32,2.1
SBT,1983,42900,1.27,2.98
SBT,1984,37100,1.22,1.93
SBT,1985,33300,1.16,1.68
SBT,1986,28300,1.08,2.31
SBT,1987,25600,1.02,1.83
SBT,1988,23100,0.947,2
SBT,1989,17800,0.882,0.989
SBT,1990,13900,0.798,0.791
SBT,1991,13700,0.723,0.477
SBT,1992,14200,0.659,0.328
SBT,1993,14300,0.585,0.266
SBT,1994,13200,0.535,0.315
SBT,1995,13900,0.476,0.391
SBT,1996,16600,0.436,0.689
SBT,1997,16100,0.401,0.821
SBT,1998,17800,0.377,0.762
SBT,1999,19500,0.362,0.878
SBT,2000,15500,0.362,0.894
SBT,2001,16000,0.377,0.894
SBT,2002,15300,0.353,1.12
SBT,2003,14100,0.328,1.16
SBT,2004,13500,0.313,1.18
SBT,2005,16200,0.313,1.57
SBT,2006,11700,0.304,1.63
SBT,2007,10600,0.289,1.49
SBT,2008,11400,0.304,1.21
SBT,2009,10900,0.289,1.15
SBT,2010,9720,0.289,0.78
SBT,2011,9440,0.29,0.724
SBT,2012,10300,0.29,0.81
SBT,2013,11700,0.265,0.684
SBT,2014,11900,0.28,0.701
SBT,2015,14400,0.33,0.562
SBT,2016,14400,0.38,0.496
SBT,2017,13700,0.55,0.48
SBT,2018,17100,0.6,0.54
SBT,2019,16900,0.64,0.52
SBT,2020,"16,441",0.69,NA
SFMAKONPAC,1975,2774.7,1.627426,0.538462
SFMAKONPAC,1976,3407.5,1.627584,0.653846
SFMAKONPAC,1977,3892.4,1.627426,0.730769
SFMAKONPAC,1978,3685.5,1.626637,0.692308
SFMAKONPAC,1979,4046.8,1.62569,0.730769
SFMAKONPAC,1980,4289.3,1.623481,0.807692
SFMAKONPAC,1981,7384.5,1.619536,1.346154
SFMAKONPAC,1982,6629.6,1.613066,1.346154
SFMAKONPAC,1983,6243.3,1.605492,1.307692
SFMAKONPAC,1984,5842,1.595392,1.230769
SFMAKONPAC,1985,5734.4,1.582452,1.230769
SFMAKONPAC,1986,5675.3,1.565252,1.269231
SFMAKONPAC,1987,6015.4,1.544737,1.346154
SFMAKONPAC,1988,5863.2,1.519804,1.307692
SFMAKONPAC,1989,6990.9,1.492189,1.538462
SFMAKONPAC,1990,4689.3,1.463942,1.115385
SFMAKONPAC,1991,4584.2,1.436169,1.076923
SFMAKONPAC,1992,3731.7,1.409184,0.884615
SFMAKONPAC,1993,2436.6,1.383462,0.576923
SFMAKONPAC,1994,2266.6,1.359476,0.461538
SFMAKONPAC,1995,2290.6,1.338488,0.461538
SFMAKONPAC,1996,2633.6,1.321919,0.576923
SFMAKONPAC,1997,2212.5,1.310715,0.5
SFMAKONPAC,1998,2238.7,1.305192,0.423077
SFMAKONPAC,1999,2507.5,1.304561,0.576923
SFMAKONPAC,2000,2488.9,1.307085,0.576923
SFMAKONPAC,2001,2662.8,1.311346,0.576923
SFMAKONPAC,2002,2454.9,1.315922,0.538462
SFMAKONPAC,2003,2685.6,1.320972,0.576923
SFMAKONPAC,2004,2911.2,1.325548,0.730769
SFMAKONPAC,2005,2480.1,1.329493,0.576923
SFMAKONPAC,2006,2762.2,1.333123,0.615385
SFMAKONPAC,2007,2882.4,1.337068,0.615385
SFMAKONPAC,2008,2510,1.333,0.587
SFMAKONPAC,2009,2710,1.347,0.623
SFMAKONPAC,2010,"2,830",1.37,0.655
SFMAKONPAC,2011,"2,650",1.345,0.651
SFMAKONPAC,2012,"2,550",1.378,0.567
SFMAKONPAC,2013,"2,470",1.351,0.462
SFMAKONPAC,2014,"3,240",1.35,0.559
SFMAKONPAC,2015,"3,430",1.38,0.62
SFMAKONPAC,2016,"2,360",1.36,0.603
SILSHARCWPAC,1995,NA,1.81,0.44
SILSHARCWPAC,1996,NA,1.83,0.49
SILSHARCWPAC,1997,NA,1.85,0.54
SILSHARCWPAC,1998,NA,1.86,0.64
SILSHARCWPAC,1999,NA,1.87,0.69
SILSHARCWPAC,2000,NA,1.87,0.83
SILSHARCWPAC,2001,NA,1.86,0.99
SILSHARCWPAC,2002,NA,1.83,1.08
SILSHARCWPAC,2003,NA,1.8,1.1
SILSHARCWPAC,2004,NA,1.75,1.02
SILSHARCWPAC,2005,NA,1.66,0.93
SILSHARCWPAC,2006,NA,1.63,1.37
SILSHARCWPAC,2007,NA,1.57,1.31
SILSHARCWPAC,2008,NA,1.53,1.3
SILSHARCWPAC,2009,NA,1.5,1.32
SILSHARCWPAC,2010,NA,1.45,1.4
SILSHARCWPAC,2011,NA,1.4,1.47
SILSHARCWPAC,2012,NA,1.35,1.54
SILSHARCWPAC,2013,NA,1.29,1.57
SILSHARCWPAC,2014,NA,1.25,1.6
SILSHARCWPAC,2015,NA,1.21,1.55
SILSHARCWPAC,2016,"22,503",1.178,1.607
SKJCIO,1950,10800,2.49,1.31E-02
SKJCIO,1951,13700,2.48,1.31E-02
SKJCIO,1952,13500,2.48,0.0131
SKJCIO,1953,14300,2.48,0.0131
SKJCIO,1954,15100,2.48,0.0131
SKJCIO,1955,15300,2.48,0.0131
SKJCIO,1956,16000,2.48,0.0131
SKJCIO,1957,17700,2.48,0.0175
SKJCIO,1958,16800,2.48,0.0175
SKJCIO,1959,16900,2.48,0.0175
SKJCIO,1960,16700,2.47,0.0175
SKJCIO,1961,16600,2.47,0.0204
SKJCIO,1962,18900,2.47,0.0175
SKJCIO,1963,21300,2.46,0.0204
SKJCIO,1964,22300,2.46,0.0204
SKJCIO,1965,28500,2.46,0.0321
SKJCIO,1966,33700,2.44,0.035
SKJCIO,1967,36200,2.44,0.0394
SKJCIO,1968,35900,2.43,0.035
SKJCIO,1969,38500,2.43,0.0394
SKJCIO,1970,44300,2.43,0.0423
SKJCIO,1971,42600,2.42,0.0423
SKJCIO,1972,36400,2.42,0.035
SKJCIO,1973,46500,2.42,0.0423
SKJCIO,1974,56800,2.41,0.0539
SKJCIO,1975,44600,2.4,0.0423
SKJCIO,1976,52300,2.4,0.0496
SKJCIO,1977,49700,2.4,0.0423
SKJCIO,1978,45300,2.4,0.0394
SKJCIO,1979,49500,2.4,0.0423
SKJCIO,1980,55500,2.4,0.0466
SKJCIO,1981,58800,2.4,0.0539
SKJCIO,1982,62300,2.4,0.0569
SKJCIO,1983,69900,2.4,0.0612
SKJCIO,1984,112000,2.56,0.105
SKJCIO,1985,144000,2.5,0.12
SKJCIO,1986,158000,2.17,0.137
SKJCIO,1987,176000,2.23,0.178
SKJCIO,1988,209000,2.21,0.192
SKJCIO,1989,251000,2.05,0.246
SKJCIO,1990,228000,2.1,0.236
SKJCIO,1991,248000,2.18,0.246
SKJCIO,1992,286000,2.07,0.29
SKJCIO,1993,314000,1.99,0.327
SKJCIO,1994,351000,1.91,0.37
SKJCIO,1995,345000,1.69,0.385
SKJCIO,1996,321000,1.55,0.397
SKJCIO,1997,332000,1.37,0.458
SKJCIO,1998,340000,1.64,0.523
SKJCIO,1999,424000,1.81,0.513
SKJCIO,2000,419000,1.71,0.487
SKJCIO,2001,409000,1.8,0.509
SKJCIO,2002,482000,1.75,0.538
SKJCIO,2003,481000,1.61,0.586
SKJCIO,2004,455000,1.75,0.589
SKJCIO,2005,555000,1.74,0.622
SKJCIO,2006,616000,1.24,0.723
SKJCIO,2007,466000,1.03,0.824
SKJCIO,2008,438000,1.1,0.863
SKJCIO,2009,438000,1.17,0.787
SKJCIO,2010,424000,1.08,0.762
SKJCIO,2011,383000,0.909,0.736
SKJCIO,2012,339000,0.901,0.776
SKJCIO,2013,434000,0.944,0.95
SKJCIO,2014,422000,0.909,0.97
SKJCIO,2015,397000,0.929,0.99
SKJCIO,2016,471000,1,1.13
SKJCIO,2017,470000,0.89,1.09
SKJCIO,2018,610000,1.14,1.04
SKJCIO,2019,"547,248",1.13,0.98
SKJCIO,2020,NA,NA,NA
SWORDIO,1950,43.4,4.38,1.03E-03
SWORDIO,1951,40.8,4.38,1.38E-03
SWORDIO,1952,43.7,4.38,0.00409
SWORDIO,1953,65,4.37,0.00323
SWORDIO,1954,211,4.37,0.00662
SWORDIO,1955,269,4.37,0.00815
SWORDIO,1956,592,4.36,0.0151
SWORDIO,1957,412,4.35,0.012
SWORDIO,1958,615,4.34,0.0132
SWORDIO,1959,617,4.33,0.0172
SWORDIO,1960,711,4.31,0.0167
SWORDIO,1961,918,4.3,0.0202
SWORDIO,1962,1080,4.28,0.0247
SWORDIO,1963,974,4.27,0.0276
SWORDIO,1964,1180,4.25,0.0276
SWORDIO,1965,1280,4.23,0.0318
SWORDIO,1966,1360,4.21,0.0346
SWORDIO,1967,1810,4.19,0.0358
SWORDIO,1968,1720,4.17,0.0538
SWORDIO,1969,1990,4.14,0.0511
SWORDIO,1970,2470,4.12,0.0417
SWORDIO,1971,2060,4.11,0.0351
SWORDIO,1972,1970,4.09,0.0499
SWORDIO,1973,1600,4.07,0.0556
SWORDIO,1974,1920,4.04,0.0477
SWORDIO,1975,2190,4.01,0.0454
SWORDIO,1976,1950,3.97,0.0498
SWORDIO,1977,1880,3.91,0.0577
SWORDIO,1978,2390,3.84,0.0751
SWORDIO,1979,2580,3.75,0.066
SWORDIO,1980,2640,3.65,0.0602
SWORDIO,1981,2660,3.55,0.0894
SWORDIO,1982,3510,3.43,0.11
SWORDIO,1983,4000,3.3,0.114
SWORDIO,1984,3890,3.19,0.108
SWORDIO,1985,4980,3.1,0.126
SWORDIO,1986,5730,3.02,0.144
SWORDIO,1987,6550,2.97,0.162
SWORDIO,1988,9160,2.96,0.192
SWORDIO,1989,8090,2.97,0.131
SWORDIO,1990,8520,3.03,0.173
SWORDIO,1991,9350,3.1,0.235
SWORDIO,1992,15700,3.13,0.434
SWORDIO,1993,25900,3.07,0.655
SWORDIO,1994,27400,2.9,0.728
SWORDIO,1995,32000,2.7,0.949
SWORDIO,1996,36200,2.43,0.992
SWORDIO,1997,35800,2.19,1.03
SWORDIO,1998,38100,1.99,1.02
SWORDIO,1999,36000,1.82,0.93
SWORDIO,2000,35400,1.71,0.982
SWORDIO,2001,32400,1.62,1.01
SWORDIO,2002,33400,1.56,1.09
SWORDIO,2003,38000,1.5,0.943
SWORDIO,2004,40200,1.48,0.915
SWORDIO,2005,35700,1.47,1.04
SWORDIO,2006,32900,1.45,0.899
SWORDIO,2007,30200,1.45,0.803
SWORDIO,2008,24600,1.48,0.665
SWORDIO,2009,24700,1.54,0.528
SWORDIO,2010,24900,1.62,0.53
SWORDIO,2011,21400,1.63,0.49
SWORDIO,2012,26800,1.68,0.58
SWORDIO,2013,30100,1.71,0.63
SWORDIO,2014,27300,1.73,0.58
SWORDIO,2015,31400,1.75,0.62
SWORDIO,2016,30800,1.75,0.6
SWORDIO,2017,33000,1.8,0.63
SWORDIO,2018,30600,1.75,0.6
SWORDIO,2019,"33,700",NA,NA
SWORDIO,2020,"26,005",NA,NA
SWORDWCNPAC,1975,9821,NA,NA
SWORDWCNPAC,1976,15011,NA,NA
SWORDWCNPAC,1977,16044,NA,NA
SWORDWCNPAC,1978,15177,NA,NA
SWORDWCNPAC,1979,16811,NA,NA
SWORDWCNPAC,1980,14690,NA,NA
SWORDWCNPAC,1981,12923,NA,NA
SWORDWCNPAC,1982,14102,NA,NA
SWORDWCNPAC,1983,12227,NA,NA
SWORDWCNPAC,1984,15101,NA,NA
SWORDWCNPAC,1985,15587,NA,NA
SWORDWCNPAC,1986,17307,NA,NA
SWORDWCNPAC,1987,18186,NA,NA
SWORDWCNPAC,1988,16915,NA,NA
SWORDWCNPAC,1989,14706,NA,NA
SWORDWCNPAC,1990,13003,NA,NA
SWORDWCNPAC,1991,14072,NA,NA
SWORDWCNPAC,1992,16442,NA,NA
SWORDWCNPAC,1993,16575,NA,NA
SWORDWCNPAC,1994,13109,NA,NA
SWORDWCNPAC,1995,11950,NA,NA
SWORDWCNPAC,1996,11170,NA,NA
SWORDWCNPAC,1997,11055,NA,NA
SWORDWCNPAC,1998,11005,NA,NA
SWORDWCNPAC,1999,10806,NA,NA
SWORDWCNPAC,2000,14055,NA,NA
SWORDWCNPAC,2001,11799,NA,NA
SWORDWCNPAC,2002,12605,NA,NA
SWORDWCNPAC,2003,12370,NA,NA
SWORDWCNPAC,2004,13100,NA,NA
SWORDWCNPAC,2005,13923,NA,NA
SWORDWCNPAC,2006,14200,NA,NA
SWORDWCNPAC,2007,12032,NA,NA
SWORDWCNPAC,2008,11456,NA,NA
SWORDWCNPAC,2009,10182,NA,NA
SWORDWCNPAC,2010,9117,NA,NA
SWORDWCNPAC,2011,9588,NA,NA
SWORDWCNPAC,2012,8216,NA,NA
SWORDWCNPAC,2013,7850,NA,NA
SWORDWCNPAC,2014,10272,NA,NA
SWORDWCNPAC,2015,8654,NA,NA
SWORDWCNPAC,2016,6969,NA,NA
YFINCWPAC,1950,22562,NA,NA
YFINCWPAC,1951,20095,NA,NA
YFINCWPAC,1952,32514,5.41,0.00677
YFINCWPAC,1953,40067,5.41,0.00985
YFINCWPAC,1954,41944,5.45,0.00985
YFINCWPAC,1955,41351,5.18,0.00985
YFINCWPAC,1956,42733,5.03,0.00892
YFINCWPAC,1957,58043,5.65,0.0135
YFINCWPAC,1958,63398,5.54,0.016
YFINCWPAC,1959,66895,5.76,0.016
YFINCWPAC,1960,73667,6.21,0.0206
YFINCWPAC,1961,75438,5.55,0.0222
YFINCWPAC,1962,83944,4.09,0.0274
YFINCWPAC,1963,75756,3.82,0.0222
YFINCWPAC,1964,74148,4.05,0.0206
YFINCWPAC,1965,73629,4.07,0.0222
YFINCWPAC,1966,93068,4.26,0.0305
YFINCWPAC,1967,68576,3.6,0.0215
YFINCWPAC,1968,81446,3.36,0.0268
YFINCWPAC,1969,87017,3.28,0.0274
YFINCWPAC,1970,98664,3.17,0.0612
YFINCWPAC,1971,104127,3.38,0.0674
YFINCWPAC,1972,114961,3.6,0.0769
YFINCWPAC,1973,127713,3.12,0.096
YFINCWPAC,1974,130611,2.92,0.0991
YFINCWPAC,1975,140233,3.08,0.106
YFINCWPAC,1976,151891,2.84,0.0991
YFINCWPAC,1977,183437,2.97,0.12
YFINCWPAC,1978,176414,3.38,0.104
YFINCWPAC,1979,198232,3.5,0.122
YFINCWPAC,1980,217690,3.28,0.138
YFINCWPAC,1981,227008,2.91,0.15
YFINCWPAC,1982,235251,2.66,0.158
YFINCWPAC,1983,289442,2.75,0.176
YFINCWPAC,1984,290052,2.73,0.202
YFINCWPAC,1985,297846,2.57,0.205
YFINCWPAC,1986,345810,2.49,0.186
YFINCWPAC,1987,333937,2.71,0.218
YFINCWPAC,1988,321006,2.64,0.219
YFINCWPAC,1989,383505,2.58,0.25
YFINCWPAC,1990,429589,2.58,0.285
YFINCWPAC,1991,460490,2.31,0.307
YFINCWPAC,1992,456510,2.46,0.285
YFINCWPAC,1993,418101,2.4,0.269
YFINCWPAC,1994,449221,2.31,0.307
YFINCWPAC,1995,442815,2.21,0.321
YFINCWPAC,1996,425705,2.32,0.382
YFINCWPAC,1997,481125,2.18,0.448
YFINCWPAC,1998,536853,2.14,0.523
YFINCWPAC,1999,475159,1.81,0.586
YFINCWPAC,2000,506965,1.87,0.591
YFINCWPAC,2001,505659,1.61,0.609
YFINCWPAC,2002,491890,1.52,0.585
YFINCWPAC,2003,565533,1.52,0.686
YFINCWPAC,2004,598099,1.55,0.705
YFINCWPAC,2005,553254,1.39,0.669
YFINCWPAC,2006,539773,1.39,0.604
YFINCWPAC,2007,567047,1.28,0.628
YFINCWPAC,2008,644427,1.32,0.7
YFINCWPAC,2009,558446,1.32,0.638
YFINCWPAC,2010,"566,205",1.32,0.684
YFINCWPAC,2011,"531,230",1.37,0.691
YFINCWPAC,2012,"625,687",1.24,0.728
YFINCWPAC,2013,"578,552",1.21,0.718
YFINCWPAC,2014,"618,063",1.35,0.658
YFINCWPAC,2015,"589,285",1.44,0.623
YFINCWPAC,2016,"658,538",2.02,0.497
YFINCWPAC,2017,"707,866",2.59,0.37
YFINCWPAC,2018,"695,142",2.43,NA
YFINCWPAC,2019,"689,599",NA,NA
YFINCWPAC,2020,"722,042",NA,NA
YFINEIO,1950,4300,3.09,1.00E-02
YFINEIO,1951,4740,3.08,1.09E-02
YFINEIO,1952,8390,3.07,0.0122
YFINEIO,1953,11500,3.06,0.0134
YFINEIO,1954,27000,3.05,0.0205
YFINEIO,1955,50700,3.03,0.0325
YFINEIO,1956,66500,2.99,0.0399
YFINEIO,1957,40200,2.97,0.0292
YFINEIO,1958,31000,2.98,0.0251
YFINEIO,1959,30900,2.99,0.0243
YFINEIO,1960,44400,2.99,0.0282
YFINEIO,1961,42800,2.98,0.0301
YFINEIO,1962,56100,2.97,0.037
YFINEIO,1963,35400,2.97,0.0297
YFINEIO,1964,36000,2.97,0.0312
YFINEIO,1965,37400,2.97,0.0297
YFINEIO,1966,56900,2.97,0.0409
YFINEIO,1967,46500,2.95,0.0383
YFINEIO,1968,88400,2.93,0.0583
YFINEIO,1969,65200,2.91,0.0481
YFINEIO,1970,42500,2.92,0.0403
YFINEIO,1971,43500,2.93,0.0375
YFINEIO,1972,45200,2.94,0.049
YFINEIO,1973,41600,2.93,0.0564
YFINEIO,1974,45700,2.87,0.0588
YFINEIO,1975,47800,2.8,0.0616
YFINEIO,1976,51100,2.97,0.0731
YFINEIO,1977,74200,3.01,0.0934
YFINEIO,1978,64000,2.78,0.0736
YFINEIO,1979,56200,2.42,0.0727
YFINEIO,1980,53600,2.22,0.0841
YFINEIO,1981,59300,2.42,0.0859
YFINEIO,1982,70600,2.64,0.094
YFINEIO,1983,74100,2.57,0.0984
YFINEIO,1984,120000,2.55,0.145
YFINEIO,1985,135000,2.51,0.181
YFINEIO,1986,151000,2.61,0.193
YFINEIO,1987,168000,2.7,0.202
YFINEIO,1988,223000,2.46,0.25
YFINEIO,1989,213000,2.34,0.292
YFINEIO,1990,253000,2.36,0.282
YFINEIO,1991,245000,2.19,0.286
YFINEIO,1992,321000,1.97,0.427
YFINEIO,1993,402000,1.9,0.448
YFINEIO,1994,340000,1.73,0.544
YFINEIO,1995,353000,1.66,0.633
YFINEIO,1996,362000,1.59,0.578
YFINEIO,1997,357000,1.45,0.697
YFINEIO,1998,325000,1.42,0.532
YFINEIO,1999,370000,1.52,0.671
YFINEIO,2000,343000,1.6,0.597
YFINEIO,2001,322000,1.7,0.459
YFINEIO,2002,348000,1.66,0.504
YFINEIO,2003,456000,1.76,0.656
YFINEIO,2004,528000,1.8,0.763
YFINEIO,2005,511000,1.68,0.961
YFINEIO,2006,425000,1.48,0.941
YFINEIO,2007,324000,1.17,0.769
YFINEIO,2008,321000,0.817,0.802
YFINEIO,2009,267000,0.75,0.789
YFINEIO,2010,302000,0.926,0.883
YFINEIO,2011,327000,1.14,0.846
YFINEIO,2012,400000,1.07,0.933
YFINEIO,2013,405000,0.942,1.13
YFINEIO,2014,408000,0.906,1.02
YFINEIO,2015,402000,0.891,0.97
YFINEIO,2016,427000,0.89,1.03
YFINEIO,2017,422700,0.84,1.13
YFINEIO,2018,443000,0.83,1.34
YFINEIO,2019,"449,600",0.9,1.22
YFINEIO,2020,"432,623",0.78,1.27
